Person,Action,Acceleration x (m/s^2)_mean,Acceleration x (m/s^2)_std,Acceleration x (m/s^2)_min,Acceleration x (m/s^2)_max,Acceleration y (m/s^2)_mean,Acceleration y (m/s^2)_std,Acceleration y (m/s^2)_min,Acceleration y (m/s^2)_max,Acceleration z (m/s^2)_mean,Acceleration z (m/s^2)_std,Acceleration z (m/s^2)_min,Acceleration z (m/s^2)_max,Gyroscope x (rad/s)_mean,Gyroscope x (rad/s)_std,Gyroscope x (rad/s)_min,Gyroscope x (rad/s)_max,Gyroscope y (rad/s)_mean,Gyroscope y (rad/s)_std,Gyroscope y (rad/s)_min,Gyroscope y (rad/s)_max,Gyroscope z (rad/s)_mean,Gyroscope z (rad/s)_std,Gyroscope z (rad/s)_min,Gyroscope z (rad/s)_max,Linear Acceleration x (m/s^2)_mean,Linear Acceleration x (m/s^2)_std,Linear Acceleration x (m/s^2)_min,Linear Acceleration x (m/s^2)_max,Linear Acceleration y (m/s^2)_mean,Linear Acceleration y (m/s^2)_std,Linear Acceleration y (m/s^2)_min,Linear Acceleration y (m/s^2)_max,Linear Acceleration z (m/s^2)_mean,Linear Acceleration z (m/s^2)_std,Linear Acceleration z (m/s^2)_min,Linear Acceleration z (m/s^2)_max
1,drinking,-0.7293011195845842,5.205455727537202,-11.8875103,10.10622501,6.027205811985213,3.5224175950387453,-2.324769735,15.57248688,2.613294443474706,4.186024776170648,-3.100491285,14.8877449,-0.07308930054184071,0.943857921497925,-3.140305519,4.422206402,0.016138583308559808,1.6361037272441303,-6.014273643,9.688628197,-0.09387066544566024,1.8031817501172385,-8.328994751,5.255426407,1.1855550637607684,1.9320103081137612,-6.395811081,10.56884575,-0.006390714599929293,2.1272893754341546,-8.113456726,7.319087982,0.09870603488750637,1.8850117757786908,-4.113616943,6.752358437
1,drinking,-3.4645854783041146,4.461178877710677,-11.77258873,5.272331238,5.947499257696906,4.785178397266282,-5.272331238,15.35221958,0.8062387378136503,3.146979541525499,-2.806004286,10.35043335,-0.0095935671781942,0.4474808359223903,-2.679102182,2.855336905,-0.00974552774994191,0.8417096289971008,-5.289787769,6.287941456,-0.033214950008565065,1.5720759342180184,-4.896543026,5.36049509,0.34140028230816527,1.2331331248691353,-3.52075386,5.36306572,0.011709120072806195,1.3856642546224662,-4.165266037,5.549013138,0.024155845289639096,0.6153443357258248,-3.118155956,3.380984783
1,drinking,3.012999953595462,4.839217394216948,-7.56358242,10.01524544,5.367376374083499,4.600227503998969,-6.526893139,12.27537155,2.0726264880305636,3.484861517524929,-3.45722723,9.510068893,-0.046221562160946354,0.6436788706335755,-3.809202909,2.147954941,-0.0014672064084793423,1.1676826460149516,-6.991047382,6.050925732,0.0260231431250166,1.456174808163865,-4.291786671,3.898083925,-0.30634177226600273,1.0992375033350947,-4.809860229,1.871124744,-0.07804391218700894,0.9505009528848668,-2.759223461,2.70330286,-0.3703759603896436,1.2261516142506605,-4.229958057,3.796597004
1,walking,7.64886071370936,3.5652090552293116,1.163581967,19.46067047,-8.455283781921885,3.5100052552051206,-18.44792175,5.097554684,1.291259864533547,1.8822188777792317,-2.626439333,17.9714756,-0.07183350272322148,0.8551439375023541,-3.062725544,2.256688833,-0.0317823682362669,1.0871911038025424,-4.523762703,5.926919937,-0.0027052455657800034,2.4244029112639303,-5.768858433,4.884631157,0.8438045521503587,5.376229853418938,-8.211882591,14.87104511,-3.181383583144435,4.365143464532798,-12.81080437,6.055672646,0.3967748211125082,1.7127153891067226,-7.180459976,9.605836868
1,walking,6.42950250320046,3.143047763021342,0.07900865376,23.01366615,-8.962893651366468,3.3396746323067443,-23.15013504,5.219658852,0.4240796832489249,2.0460855675076224,-3.804386616,11.47810268,-0.04572474598367716,0.8116970906456954,-4.366922855,4.284761429,0.06252724711378117,1.0069814602363625,-4.854240894,4.893335819,0.020701153667432207,2.0166651319912634,-5.346139908,5.781381607,-0.2554099004454304,4.782385915154765,-9.237472534,18.36874771,-3.049174706075891,3.8955589887771387,-18.12233353,6.301010609,0.5488831690447866,1.8594361838075346,-9.314286232,7.675937653
1,walking,7.064465363415384,2.7708940867461473,1.230619669,17.70811462,-6.895518160893077,3.5514629138539995,-13.75738239,6.344933987,1.0284759600025202,2.252741229198158,-3.107673883,11.42303562,-0.009700422435452032,0.7219143627933178,-3.654195786,1.762957096,0.028209641378950844,1.150188883495131,-4.932278633,5.263673306,0.02216442342148941,1.5908766789070485,-2.621910095,3.653508663,0.8464307367061686,3.5839916944701256,-5.934171677,10.54170609,-1.6173340877060975,2.9256836411361915,-9.012665749,4.316592693,-1.4572683911818014,1.5480607023732529,-6.696990967,3.822896004
1,walking,7.428543419660794,2.4860053478642565,1.45088625,13.17080307,-6.686130719912669,3.2684748965451984,-12.03834534,4.345476151,0.8948985413252705,1.9920644329362196,-1.752555609,8.913911819,0.020236661413637832,0.657184685215014,-2.855794907,2.651766062,-0.018834741784032813,0.9510363852966223,-4.48573637,4.465883255,0.013594848366093466,1.5186419980548456,-3.226666689,3.145879745,-0.023312129745344544,3.2785376057187503,-7.654211998,7.388772011,-2.1557331236806285,2.986610376392053,-8.21229744,5.157619953,0.21299464563782242,1.3093889884907846,-5.781033516,5.891849518
1,walking,8.059392994210869,3.0297522011549676,1.11569798,16.97309494,-6.109769827294486,3.2714642959654836,-13.03672791,6.002563,1.0906879086189245,2.2173234107527624,-2.370259762,9.974543571,-0.030858661264485873,0.6793330162418952,-2.565634012,2.532647371,-0.02507194324951749,0.8735407254951983,-5.626221657,4.311334133,-0.0065743869248825176,1.7123014002269143,-4.510094643,3.266830921,0.12447444530180979,3.4831003793145783,-6.074501038,10.32132816,-2.7848677552116126,3.332024162246804,-11.91909504,3.688949585,2.097373743937276,1.4168102310618595,-2.944588184,9.601641655
1,walking,7.77271042248387,2.8354446080956826,1.065419793,17.17181396,-7.079078569231693,3.4428664220375698,-13.00799751,5.363311291,1.306510317232041,2.060622568333597,-4.041412354,10.42465305,0.03050924348056821,0.8930666405261656,-1.954157948,2.98652029,0.022504517026715576,1.026989969503163,-3.561497211,4.682740211,0.03141204519504519,1.9931109431364984,-3.631059408,3.496516228,0.7403662123951049,3.811725640806208,-7.702241898,11.49464417,-2.806957977935119,3.3872881017623215,-11.01350689,4.705270767,4.096958446003604,1.933701207187939,-3.138287306,11.59271145
1,walking,7.908881895936689,3.3991773318060123,1.496376038,22.46060562,-6.960437650569039,3.3322887060430726,-14.23143387,4.558559895,1.450328086407659,1.953856608149695,-2.327163935,9.82610321,-0.05533805431323882,0.8175408877427077,-2.483778,2.295020819,0.04967962919420496,1.2633441458538828,-4.670217514,7.198283195,-0.03085539282392146,1.9505306802579196,-5.270010948,4.149531364,0.9376660369449497,4.182291701475403,-6.295944214,17.16027832,-2.7946472759928236,3.430744846579334,-12.79859543,4.652199745,3.8943854673865475,2.185807771575061,-6.990057945,9.775006294
1,walkingwith,0.7534446862525468,0.8737615808027616,-1.522712231,3.167528868,4.0350859572687074,1.2307262749867744,1.623268723,7.108684063,8.924214805798469,2.6528171947670915,4.335899353,14.9021101,0.0006451486134233021,0.33665395839149126,-1.277166486,1.179733515,0.0021764676879173464,0.2834119246343505,-0.9233227968,1.232420683,0.011653189115227893,0.2795119165212351,-0.6736316681,0.8779660463,-0.2788102986589722,0.7436485743885817,-1.82617116,1.974359274,-1.1544352914071125,1.075847649381524,-3.125110626,2.088374138,0.6982887619804344,2.7071360188907305,-4.108055115,6.439979553
1,walkingwith,0.3851212154436852,0.8907139758098218,-2.149993181,3.576937437,5.041567938995105,1.2079798852493233,2.801215887,8.099884033,8.456927641236499,2.225365208214363,3.924096584,14.19312668,-0.0032658226467433666,0.33797411574054154,-1.636966109,0.8315402865,-0.003621466804666002,0.3114255336051921,-1.084591269,1.035111189,-0.004685622671294647,0.2016291254385118,-0.6094908118,0.7148650289,0.011971771580840774,0.7442507213010733,-1.982431889,2.717478275,-0.23317565204240803,1.1447096364677016,-2.570360661,2.85122776,0.21665571073472412,2.2944184837839234,-4.102751255,5.969969749
1,walkingwith,0.5734422198391702,1.1494705061182964,-3.598485231,3.481169224,3.6754969553969725,1.0466306679898798,0.6200982332,6.016928196,9.026130832967944,1.8942307835595695,5.763142586,14.93802261,-0.011771586637705908,0.47221631664677616,-3.133051395,3.760562897,0.010698099664193628,0.37313207901643597,-1.039921761,3.32776475,0.0007001800518173966,0.34790504561709656,-2.308001518,0.6840163469,0.2277604479494884,0.8192800216267904,-2.440515041,2.442908287,0.2897820322585911,1.1340608902293183,-2.060768843,4.088886738,-0.15286522511983777,1.9227496080525244,-3.234268665,5.71384716
1,walkingwith,0.3846976028808138,0.7373757999538212,-1.683123827,3.193865061,4.675122387617886,0.9347273605908566,2.808398485,6.909965515,8.606346820086177,1.6817044777200005,4.534617901,13.4197998,0.0005875792138832786,0.2947375873383515,-1.06832695,0.8650615215,-0.028995099225336878,0.3053960331553737,-1.084514856,0.8048913479,-0.03415273416650307,0.24299570671543308,-0.849255383,0.5850561857,0.4099949839259873,0.637849494536879,-1.430230975,2.61916995,-0.4223114429939708,0.8658352066639896,-1.922408104,1.877237797,0.29237102388647357,1.6955342250591388,-3.632064342,4.813465118
1,walkingwith,0.502906124743494,0.6342739402389913,-1.063025594,2.901772499,4.23213244553983,0.9261103608442658,2.236184359,6.392817974,8.82727026577288,1.76923961334772,3.852270603,13.80526638,8.989944392417093e-05,0.27966681986718,-1.0585531,0.8668941259,-0.011525567695140312,0.31877202638286234,-1.64284575,1.057178617,-0.025057762648733252,0.24005066658262697,-0.8804095387,0.6534730792,-0.08410954684285861,0.6874776599605583,-1.610784292,2.325357199,-0.45231226006086195,0.8348754778945638,-2.087897539,1.507390022,0.257653965148627,1.7680996881108129,-4.827118397,5.093564987
2,drinking,3.052359260185674,4.153497001690902,-3.723830223,10.76112175,7.762491801571453,2.836467732798811,-1.239482164,15.69811249,-0.8718908028772768,1.0959860767095138,-3.195614576,4.598406792,-0.014662896642655706,0.18342719642169683,-1.322065115,0.4946481287,-0.015027676216365325,0.20863804296802835,-1.672396302,0.8184067011,0.008497883425371047,0.6181795374517448,-1.923767328,1.274723053,-0.06992907004128895,0.4442564233289258,-2.173290014,1.212012768,-0.026428136999626956,0.6797948530856185,-2.282364368,5.816944122,0.07508130621434489,0.24735410576658381,-1.09514761,1.475609541
2,drinking,-3.343387369617725,3.854257405535412,-11.137393,10.79880905,6.866961021829999,3.615983283265063,-1.571486235,18.2973156,-0.23134796827266718,3.391419229107399,-31.00380325,22.85025978,-0.002125835515689666,0.6525192564213858,-2.978579044,2.685668945,-0.034378537795141044,0.44363761326776696,-3.069445133,2.199267626,-0.008897733054782943,0.6394702023952592,-2.206292629,2.774549961,0.5401604348641472,0.7576115946699189,-6.505852699,5.114940166,0.06270985599407358,0.7182169637648079,-5.71297121,10.80507278,-0.1926219776007623,0.8159421737211412,-12.0468092,7.450921059
2,walking,7.004800588825939,3.405990266853867,-4.557728767,13.12582874,-5.0029536503736605,3.1620411258787295,-10.40578747,6.134599209,2.6743436688060185,2.8633809463189124,-1.200598717,13.23769283,0.022877891632891216,0.5216927776551288,-1.93705368,1.534951687,-0.026353448300369883,1.0810353465926958,-4.132656097,3.345098019,0.06927712160671004,1.1811882530157214,-2.829069614,4.207334518,-0.1929353169202904,2.5385392286601416,-5.172855377,6.459008217,-1.5072418659400846,2.3347756166219273,-7.385200024,2.682229996,0.6759799990774339,1.2959725205121162,-4.965353012,4.311014175
2,walking,7.510136933546459,3.8987896395573234,-9.223732948,14.34676647,-4.786254524921264,2.7915823025856352,-10.21316528,6.562315941,2.448071408129747,2.243223591001486,-2.37786746,12.11545944,-0.05321997372779307,0.912146009043387,-4.507727146,3.268892527,-0.05442237633337308,1.3129673142092373,-4.43686676,6.943705082,0.03427821688107648,1.3906565051609359,-3.965737104,3.959170341,0.18105516160365615,2.713187445975388,-4.381864548,8.307917595,-1.4002436831435185,2.4506175962178904,-9.196516037,3.095127344,0.906968963031567,1.4332611532805821,-7.845920086,5.125792027
2,walking,7.203097408237593,3.633711361760533,-3.978665829,15.6179533,-4.850694000545548,3.447340661388986,-12.35773277,6.192625046,2.560120955700135,2.583920309164734,-2.697907448,13.29392433,-0.011472485319323118,0.7419916499481596,-2.130239725,2.398257017,0.015149379854689678,1.0123158738061375,-2.570520878,3.213762045,0.0679481203125008,1.3389201327347922,-3.208722353,2.900846243,0.6785632999234366,3.0254547938150558,-4.17681694,9.067781448,-0.5586167790380162,2.4619514737059602,-7.075837135,4.472921371,-0.029562668477996733,1.3935340824973184,-6.018841743,4.513883591
2,walking,7.671714235285857,3.969749702178979,-7.704888821,15.65264893,-4.335593681882369,3.2025890629306146,-10.78146076,8.809176445,2.0692731444414827,2.3489609403578675,-2.513062,13.13061428,-0.0375924292610914,0.9927431444692237,-3.909995794,5.206709862,-0.08597641615369515,1.2307195503308603,-4.818657875,2.887712717,-0.008921794617695208,1.3773007082456408,-3.732997417,4.00987196,0.32773387130857257,2.8561753949001276,-5.930735588,9.126662254,-1.01403571615331,2.3793982946474115,-7.776538372,4.590943813,1.3751036618298114,1.672689878066889,-2.963768005,5.741303444
2,walking,7.726304165040105,3.3041506459523933,-5.113461971,13.51466274,-5.852773689659868,2.673790778140254,-11.01177025,4.338187218,1.3702150659479018,2.5907505003651106,-3.276970625,13.5595274,0.007870035832644643,0.748028359916715,-2.829222441,1.942856908,-0.015896922216259938,1.3618684292236871,-3.822183847,3.642436743,0.04286972827531529,1.7570838776757058,-3.071430445,4.411210537,0.8116082696994567,2.9825320924041216,-5.039873123,9.393836975,-1.7378098592290887,2.926203594077597,-8.95664978,3.909537554,1.352974772689336,1.7188781313384907,-4.431525707,5.676819324
2,walking,7.905025430151255,3.7309402932669697,-5.909673691,17.55733681,-3.354750870907313,2.913331768259011,-12.83569908,4.915455818,3.2233102475195095,2.396868804784571,-1.889133453,11.3760767,-0.12555225465763076,1.047434719125285,-2.863736153,3.364034891,-0.15820333760496066,1.259954973948019,-4.883103848,4.396091938,-0.024680022636556574,1.5739479031439956,-5.073082924,4.856684208,0.777453889538371,2.940319684125459,-5.619704723,10.24739265,0.13824685323456307,2.3432686605402755,-6.068681717,7.520844936,0.5563696573456605,1.5149017103642402,-6.555759907,5.053102016
2,walking,7.506058029190788,3.4547353834153482,-5.916851997,14.70987701,-5.377957352580218,3.0684128911300053,-12.27278709,7.136593342,2.6000523241216746,2.3938653787227206,-2.406581402,18.45404625,-0.19629714914309376,1.0362994569677746,-5.507561207,4.700913429,0.02340298592567759,1.3467426509326461,-5.439449787,3.925114632,-0.008610841410898554,1.6225493116923353,-3.713907957,3.995669603,0.031095186616170317,2.8054388689193446,-5.503494263,7.550567627,-2.584403086308574,3.1611672802482955,-11.20337296,4.538094044,1.735332678076949,1.9629489212385218,-4.483852386,8.3548069
2,walkingwith,-0.5613750370151057,1.6025482218821991,-5.604588985,3.683750391,4.359107350462025,1.3857968842110393,0.0,7.921439171,8.649079152899544,2.3754356356564688,0.0,16.1389904,-0.033895099874654465,0.2921684033071267,-1.052062631,0.7910705209,0.024549234771807475,0.5046892915860935,-1.539533138,1.844507575,0.008788468114265594,0.6733065045367843,-1.57145083,1.563814998,0.5160499374114752,1.0302289929553767,-2.420933962,3.575997114,-0.7115536750791854,1.3167928929938417,-3.327302933,2.394289017,0.3893690968349882,2.293648689939977,-4.115983486,7.174487114
2,walkingwith,-0.2877156485181984,1.640688120284954,-5.331208706,3.273381472,3.623203315962508,1.3507120178939862,0.1830509305,7.984251022,9.010712906030568,2.9764396710339414,3.075375319,17.34676743,-0.013980310776545315,0.36590946153026555,-1.573283434,1.10673511,-0.02405844381939919,0.5016764762112634,-1.527010441,1.525635958,-0.06756848328952683,0.818448450443962,-2.770273924,1.618487477,0.6161301176938018,0.9968794247400554,-2.67415309,2.801116705,-1.3234592133534153,1.4417250234935566,-4.768065929,3.988853693,0.6409440509234722,2.8881215158813283,-5.232663155,8.245663643
2,walkingwith,0.1348927374565256,1.6963358970962843,-4.02652216,4.502095699,3.518346771746186,1.4313090770458758,-1.094118118,6.888338089,9.036286275327251,3.132096881482856,3.143570662,18.68076706,-0.02833912846049087,0.472115959207115,-1.551597714,1.433547974,0.0025472509905696133,0.5663377418686107,-1.867720485,1.741576791,-0.04888531783608021,0.8806071758338693,-1.883602977,2.079690695,-6.725510023166115e-06,1.2205574467824685,-3.133845806,3.419274807,-0.6863822485582276,1.4750484126845318,-3.811130285,2.490391731,0.22505705641540386,2.9809097150959767,-5.207602024,9.300033569
2,walkingwith,-0.6089247991685749,1.563243994654113,-5.565107346,3.204587698,3.3692489618767887,1.5742094056545053,-1.005583763,7.200601578,9.050619997221887,3.2650258933412086,3.393022537,18.38106537,-0.021253387726897773,0.43634436092526685,-1.214247346,1.209055066,0.020409955686127315,0.5026080108117289,-1.716989517,2.109928608,0.03576584793146633,0.7943733160263556,-1.412320495,1.906663179,0.7397063354039063,1.0103942598831395,-2.28669548,3.07394743,-0.7947716905534424,1.6505535914464147,-4.940312862,2.694664955,0.37228856851275716,3.1202916139228463,-4.820990086,8.813838005
2,walkingwith,-0.3521218343411869,2.088363795414816,-6.510272026,4.048655987,3.0052436117193766,1.5623421154759793,-0.4217349887,6.904489517,9.111834145460282,3.4514084287455056,2.78285265,17.8450737,-0.04226492342412455,0.4444741735405153,-1.318247199,1.453859329,0.05229837326514754,0.5790890367255462,-1.897500157,2.14902401,0.09141231680583858,1.042746077791436,-2.381916285,2.249205828,0.32084897740201335,1.267891005247692,-3.000492811,2.765861988,-1.112435884572156,1.5310936540026232,-4.437401772,1.944165707,0.3312818854447477,3.3350323366621044,-5.759575844,8.458078384
2,walkingwith,-0.8388914759692261,1.8920672014420223,-6.736992359,5.755336761,4.3030387128297,1.1319687218392946,-0.7429714203,7.137789726,8.637541465162517,2.331265021342917,4.324428558,20.16491508,-0.04978686016987253,0.48517993647206775,-2.055714369,1.426981211,0.03495637258934323,0.7188447217885195,-2.966208935,2.171931267,0.07072532991810697,0.8153322924991793,-2.114051819,1.941635132,-0.49637180048231955,1.405431881253811,-4.719172001,5.012620926,-0.2889901947403945,1.1057530101612925,-3.073822975,2.779043674,0.06405145548133459,2.208002145847361,-4.167933464,10.75844002
2,walkingwith,-0.28908797265636055,2.0302112230413223,-6.05264473,5.63090992,4.144906722225413,1.6848117237789662,-3.207578659,8.139784813,8.68383564299629,2.072253781150918,3.437887907,15.50249958,-0.026313700168866392,0.580087095507879,-2.350914955,1.958892107,0.022759455520879504,0.6288888687764554,-3.000264645,2.168724298,0.08174499709840624,1.0709405793988147,-3.071583271,3.314402103,-0.38035196605177757,1.3152729018148663,-4.167928219,3.41883564,-1.111198702183986,1.3104328857754977,-6.833730221,2.888054132,0.5642481985430297,1.8771074666341343,-4.116794109,6.834280014
